{"cameraMode":{"drawMode":0,"name":"Shaded","section":"Shading Mode"},"sceneLighting":false,"audioPlay":false,"sceneViewState":{"m_AlwaysRefresh":false,"showFog":true,"showSkybox":false,"showFlares":true,"showImageEffects":true,"showParticleSystems":true,"showVisualEffectGraphs":true,"m_FxEnabled":true},"in2DMode":false,"pivot":{"x":-0.0000559687614440918,"y":1.024125337600708,"z":0.006891608238220215},"rotation":{"x":0.0033752864692360164,"y":-0.9696640372276306,"z":0.013390264473855496,"w":0.24409379065036775},"size":1.5042392015457154,"orthographic":false}