{"cameraMode":{"drawMode":0,"name":"Shaded","section":"Shading Mode"},"sceneLighting":false,"audioPlay":false,"sceneViewState":{"m_AlwaysRefresh":false,"showFog":true,"showSkybox":true,"showFlares":true,"showImageEffects":true,"showParticleSystems":true,"showVisualEffectGraphs":true,"m_FxEnabled":true},"in2DMode":false,"pivot":{"x":0.3788996636867523,"y":1.1239449977874756,"z":0.06498011201620102},"rotation":{"x":-0.022121720016002656,"y":-0.07759290188550949,"z":-0.0017266925424337388,"w":0.9967480301856995},"size":1.2093888521194459,"orthographic":false}