{"cameraMode":{"drawMode":0,"name":"Shaded","section":"Shading Mode"},"sceneLighting":false,"audioPlay":false,"sceneViewState":{"m_AlwaysRefresh":false,"showFog":true,"showSkybox":true,"showFlares":true,"showImageEffects":true,"showParticleSystems":true,"showVisualEffectGraphs":true,"m_FxEnabled":true},"in2DMode":false,"pivot":{"x":-3.1330208778381349,"y":-0.23218536376953126,"z":-0.4570465087890625},"rotation":{"x":0.43239155411720278,"y":-0.024062491953372957,"z":0.01153992023319006,"w":0.9013020992279053},"size":5.624782085418701,"orthographic":false}